{"accuracy": [0.345074325799942, 0.6463190913200378, 0.7506935000419617, 0.7983640432357788, 0.825933575630188, 0.8424639105796814, 0.8486805558204651, 0.8539156317710876, 0.860231876373291, 0.8600042462348938], "loss": [2.245987892150879, 1.125096321105957, 0.7816573977470398, 0.6245197653770447, 0.5406535267829895, 0.48953723907470703, 0.47178271412849426, 0.45782431960105896, 0.43943580985069275, 0.43976423144340515], "val_accuracy": [0.5807534456253052, 0.7596744894981384, 0.7831777930259705, 0.8218756914138794, 0.8279649615287781, 0.8469724655151367, 0.8223309516906738, 0.8396881222724915, 0.8715001344680786, 0.8702481389045715], "val_loss": [1.3458592891693115, 0.7501643300056458, 0.6607078909873962, 0.537396252155304, 0.5323002338409424, 0.483614057302475, 0.5457714200019836, 0.5053374767303467, 0.39368367195129395, 0.4050212800502777]}